DJ Seinfeld - DJ set @ Sónar 2019 (full show),https://www.youtube.com/watch?v=vcfGYN411wM
DJ Seinfeld | Boiler Room x SCOPES,https://www.youtube.com/watch?v=SxGix8wLEAg
DJ SEINFELD Rooftop Set for Rekorderlig Sunset Sessions,https://www.youtube.com/watch?v=e_Zc7Jn5sRc
DJ Seinfeld | Boiler Room: Budapest,https://www.youtube.com/watch?v=BMtfZNMFMG4
Baltra & Dj Seinfeld @ The Lot Radio (Feb 19th 2019),https://www.youtube.com/watch?v=6wQD9X28PZs
U,https://www.youtube.com/watch?v=6F6Sxrd7rw4
DJ Seinfeld - U,https://www.youtube.com/watch?v=g6eu1Wb8CVE
Baltra Boiler Room New York Live Set,https://www.youtube.com/watch?v=DBzleT8XF0M
DJ BORING killer house set in The Lab LDN,https://www.youtube.com/watch?v=MKahYn7C3_g
Nic Fanciulli | Boiler Room Mexico City,https://www.youtube.com/watch?v=j5hdgys4a-M
DJ Seinfeld Boiler Room New York DJ Set,https://www.youtube.com/watch?v=l8TDDg033YI
MJ Cole - Sonoran (DJ Seinfeld Remix / Audio),https://www.youtube.com/watch?v=FR0tOtQenLg
DJ Seinfeld | Live set at DGTL Amsterdam 2019 - Gain by RA stage,https://www.youtube.com/watch?v=1IjF7_PEcGc
DJ Tennis - DJ set @ Sónar 2019 (full show),https://www.youtube.com/watch?v=LD5dph7ILmQ
Touching Bases interview with DJ Seinfeld,https://www.youtube.com/watch?v=5ihZJgV1kQA
Model Man - Why? [DJ Seinfeld Remix],https://www.youtube.com/watch?v=9tOlttMzvdk
Model Man - Why? (DJ Seinfeld Remix),https://www.youtube.com/watch?v=CUxl8myGfvI
DJ Seinfeld live @ Sonar Istanbul 2019,https://www.youtube.com/watch?v=zsErkbgEIFM
Yaeji in Place | Boiler Room,https://www.youtube.com/watch?v=-252jKXdXyE
"Nina Kraviz ""Hot Steel"" stream @ Cavo Paradiso (Mykonos)",https://www.youtube.com/watch?v=pQK1SuWWInw
Ellen Allien Balcony Live Streaming 20.08.2020,https://www.youtube.com/watch?v=DTSYJL2jZEU
DJ Seinfeld - Electrian (A1) [YEM001],https://www.youtube.com/watch?v=0X01ytj9v-U
Sakura (Original Mix),https://www.youtube.com/watch?v=o1fcDmgDa1M
DJ Seinfeld - Sakura,https://www.youtube.com/watch?v=dui2EIuNxqc
Lovejoy,https://www.youtube.com/watch?v=4dSxikwVil4
Mike Simonetti - Indoor Life (2020),https://www.youtube.com/watch?v=nGuKwXaYduY
Jessy Lanza @ The Lot Radio (August 18 2020),https://www.youtube.com/watch?v=d_bxtnaUA74
Occupy The Disco with Tad Haes - The Sound of New York 2020 : Pride Fundraiser,https://www.youtube.com/watch?v=9YZ28lQdB84
OccupyThe Disco with Josh Appelbaum - The Sound of New York 2020 : Pride Fundraiser,https://www.youtube.com/watch?v=HuIw9-Et5OQ
Bubble T with THELIMITDOESNOTEXIST - The Sound of New York 2020 : Pride Fundraiser,https://www.youtube.com/watch?v=8YH9Vxjrqzs
Bubble T with Club Chow - The Sound of New York 2020 : Pride Fundraiser,https://www.youtube.com/watch?v=sEZIM9__Yl0
Mike Swells - The Sound of New York 2020 : Pride Fundraiser,https://www.youtube.com/watch?v=IS0hkSNIr7M
GIA - The Sound of New York 2020 : Pride Fundraiser,https://www.youtube.com/watch?v=rRBmwlB2UJ8
FIVE - The Sound of New York 2020 : Pride Fundraiser,https://www.youtube.com/watch?v=_HscbF9jI7k
JT Almon - The Sound of New York 2020 : Pride Fundraiser,https://www.youtube.com/watch?v=t9-y0JbTm1M
SPRKLBB - The Sound of New York 2020 : Pride Fundraiser,https://www.youtube.com/watch?v=trQyvbs-SDU
Auspex - The Sound of New York 2020 : Pride Fundraiser,https://www.youtube.com/watch?v=DqV4VE8vBis
S+S with Nazuk ft  a Pal Power Hour Anupa + Khalila + Rawiya + Nazuk @ The Lot Radio (July 12 2020),https://www.youtube.com/watch?v=aApevNPfQAo
Ben Manzone - The Sound of New York 2020 : Pride Fundraiser,https://www.youtube.com/watch?v=l8mbRWEBmfI
Jasmine Infiniti - The Sound of New York 2020 : Pride Fundraiser,https://www.youtube.com/watch?v=-4Gv4qp7qM4
Arthur Kozlov - The Sound of New York 2020 : Pride Fundraiser,https://www.youtube.com/watch?v=xD6O2i-0CfE
Jason Kendig - The Sound of New York 2020 : Pride Fundraiser,https://www.youtube.com/watch?v=b7HpeX27oIw
Olive T - The Sound of New York 2020 : Pride Fundraiser,https://www.youtube.com/watch?v=f-RDFGf64is
Tygapaw - The Sound of New York 2020 : Pride Fundraiser,https://www.youtube.com/watch?v=bLFkKYuAVYU
Kim Anh - The Sound of New York 2020 : Pride Fundraiser,https://www.youtube.com/watch?v=uI_fBwKR0fE
Ghostly with Patrick Holland @ The Lot Radio (July 13 2020),https://www.youtube.com/watch?v=x8QzPVD0A0c
"TRADEMARK with Deidre, Uñas, Sigilo & Tati au Miel @ The Lot Radio (July 12 2020)",https://www.youtube.com/watch?v=ENx2-Ohasu8
Sanna & Cosmo @ The Lot Radio (June 30 2020),https://www.youtube.com/watch?v=PQWGlq5j_lQ
Local Celebrity DJ @ The Lot Radio (July 10 2020),https://www.youtube.com/watch?v=fwFggj02MAk
Asna @ The Lot Radio (June 18 2020),https://www.youtube.com/watch?v=H-G1XaI5FXQ
Paurro @ The Lot Radio (June 26 2020),https://www.youtube.com/watch?v=6wUnlBLEbKw
Cosmic Improvisation with Takuya Nakamura @ The Lot Radio (June 29 2020),https://www.youtube.com/watch?v=P73clYCylpY
Nasty Nigel & Maachew Bentley @ The Lot Radio (June 30 2020),https://www.youtube.com/watch?v=VPdHXEBZFt0
Joey Quinones - The Sound of New York 2020 : Pride Fundraiser,https://www.youtube.com/watch?v=GaES1W6kH1A
Justin Cudmore - The Sound of New York 2020 : Pride Fundraiser,https://www.youtube.com/watch?v=fa8qOZIkW60
Kim Ann Foxman - The Sound of New York 2020 : Pride Fundraiser,https://www.youtube.com/watch?v=JlO5zPasyi8
musclecars - The Sound of New York 2020 : Pride Fundraiser,https://www.youtube.com/watch?v=8ALKUf17Z9Q
A Making Time TRANSCENDENTAL Social Distancing™️ Experience with Dave P.,https://www.youtube.com/watch?v=49DqPWqT0kk
THE ILLUSTRIOUS BLACKS - The Sound of New York 2020 : Pride Fundraiser,https://www.youtube.com/watch?v=KLzLJWh_s-4
DJ WAWA - The Sound of New York 2020 : Pride Fundraiser,https://www.youtube.com/watch?v=mDcgWgc2aDU
EASY feat  Austin Downey & Brian Gately - The Sound of New York 2020 : Pride Fundraiser,https://www.youtube.com/watch?v=Y9OS6ZpRtVM
Fatherhood - The Sound of New York 2020 : Pride Fundraiser,https://www.youtube.com/watch?v=5v4A-jXRtN4
PAT ft Amber Valentine and JD Samson - The Sound of New York 2020 : Pride Fundraiser,https://www.youtube.com/watch?v=mlxA8qWVcAc
FIST with MISS PARKER AND WORD OF COMMAND,https://www.youtube.com/watch?v=-CBWSSEuxV4
Shigeto with Father Dukes @ The Lot Radio (June 17 2020),https://www.youtube.com/watch?v=yJYW9Jh7fVg
2MR Transmission with Alf Champion @ The Lot Radio (June 13 2020),https://www.youtube.com/watch?v=2ZkhUgIMaY8
Que Sakamoto (Tribute To Mike McCurdy) @ The Lot Radio (June 14 2020),https://www.youtube.com/watch?v=xeGk78AXYVQ
Ghostly with Ali Berger @ The Lot Radio (June 15 2020),https://www.youtube.com/watch?v=sUOykaZS4ZE
Ma Sha Ru @ The Lot Radio (May 29 2020),https://www.youtube.com/watch?v=No_p4OG1pOQ
Jubilee @ The Lot Radio (May 27 2020),https://www.youtube.com/watch?v=HxiEhAjZEHk
AceMoma b2b DJ SWISHA @ The Lot Radio (May 21 2020),https://www.youtube.com/watch?v=iABGPQOEEbw
Jessy Lanza  @ The Lot Radio  (May 26th 2020),https://www.youtube.com/watch?v=cbB-qr5nEKk
Louise Chen,https://www.youtube.com/watch?v=Q2EVDNNtAVY
The Space Between Spaces with Ron Like Hell @ The Lot Radio (May 21 2020),https://www.youtube.com/watch?v=MgejPHK_ZBg
Sedef Adasi @ The Lot Radio (May 20 2020),https://www.youtube.com/watch?v=0GTi3keY35w
Love Injection with Barbie Bertisch and Paul Raffaele @ The Lot Radio (April   18  2020),https://www.youtube.com/watch?v=4ZcwlKC5k28
b4 with Lechuga Zafiro @ The Lot Radio (May 7 2020),https://www.youtube.com/watch?v=Cr6VYGnfQ_4
b4 with HansSOLO & Sean Poul @ The Lot Radio (April 9 2020),https://www.youtube.com/watch?v=V9Vr_3RV-Tw
Human Pitch with Tristan Arp @ The Lot Radio (April 25 2020),https://www.youtube.com/watch?v=IGKaSGCdaWM
Jean Brazeau Live from Lobe Studio @ The Lot Radio (May 10 2020),https://www.youtube.com/watch?v=TnmWg4Vkzh0
Ojbartsimpson @ The Lot Radio (April 26 2020),https://www.youtube.com/watch?v=7Th94Arpd00
Grand Street Sounds with DJ Palace @ The Lot Radio (May 5 2020),https://www.youtube.com/watch?v=PTL8YZbefhg
Brian Chase 'Meditative Drum Session' @ The Lot Radio (April 3 2020),https://www.youtube.com/watch?v=rH1AYNEZSXQ
Amanda Mussi @ The Lot Radio (April 10 2020),https://www.youtube.com/watch?v=D40vDexNoNA
Nasty Nigel @ The Lot Radio (May 5 2020),https://www.youtube.com/watch?v=gFOYXU7KPLY
Moretz @ The Lot Radio (May 1 2020),https://www.youtube.com/watch?v=uKMrq0zjeYc
Christine Renee @ The Lot Radio (April 10 2020),https://www.youtube.com/watch?v=8ZNcfss57wg
Bottom Of The Deck @ The Lot Radio (April 20 2020),https://www.youtube.com/watch?v=HBZqwWscfHY
Coloring Lessons with musclecars @ The Lot Radio (April 26 2020),https://www.youtube.com/watch?v=uVCNnidP7uU
Doctor Earth @ The Lot Radio (April 13 2020),https://www.youtube.com/watch?v=uR4fk8hlunQ
GEORGIA A/V @ The Lot Radio (April 15 2020),https://www.youtube.com/watch?v=a7Cdw8KGd4Q
Ghostly with Khotin @ The Lot Radio (April 20 2020),https://www.youtube.com/watch?v=mWA9m2b0Hr0
Cole Evelev @ The Lot Radio (April  22 2020),https://www.youtube.com/watch?v=vMMw3zDHJ_A
Lost Soul Enterprises with R Gamble & Heidi Sabertooth @ The Lot Radio (April 21 2020),https://www.youtube.com/watch?v=GFjCjiQVf5M
Samer Ghadry - Live Gong Sound Bath @ The Lot Radio (March 30 2020),https://www.youtube.com/watch?v=6PiQ9SebP-M
Sinkane Happy Hour @ The Lot Radio (April 21 2020),https://www.youtube.com/watch?v=5N76p63rbAQ
Takuya Nakamura @ The Lot Radio (April 6 2020),https://www.youtube.com/watch?v=ygWB5expq-s
Dog Bites Girl @ The Lot Radio (March 25 2020),https://www.youtube.com/watch?v=_htTHpppp8g
Uncle Dev's House Party @ The Lot Radio (April 9th 2020),https://www.youtube.com/watch?v=lpohPCJcT0U
Ela Minus @ The Lot Radio (May 6 2020),https://www.youtube.com/watch?v=XX7hhU7azBA
Making Time X Klip Collective with Dave P @ The Lot Radio 04 17 2020,https://www.youtube.com/watch?v=DQgFS1vLTBo
Dave P.....IN THE CLOUD - A TRANSCENDENTAL Ambient Social Distancing™️ Experience,https://www.youtube.com/watch?v=4RQR348ud9Y
Making Time x Klip Collective TRANSCENDENTAL Social Distancing™️ Experience with Dave P,https://www.youtube.com/watch?v=gry8jTrBe7I
Jessy Lanza @ The Lot Radio (March 31st 2020),https://www.youtube.com/watch?v=moQx8CpHMGo
Darwin @ The Lot Radio 03 08 2020,https://www.youtube.com/watch?v=9rVEUNPltgs
Ivan Smagghe @ The Lot Radio 03 05 2020,https://www.youtube.com/watch?v=bYBXCBJwyZM
"Live from Dizonord in Paris with Joakim, Tolouse Low Trax and Apollo Noir",https://www.youtube.com/watch?v=s0HVJg9oHQI
Francois K and guest Francis Harris @ The Lot Radio 02 20 2020,https://www.youtube.com/watch?v=C0Yc0s_uFDY
Elena Colombi @ The Lot Radio 02 19 2020,https://www.youtube.com/watch?v=2v0B64-rO6Y
Seth Troxler Presents Eclectic Orbit Episode 3 @ The Lot Radio 02 18 2020,https://www.youtube.com/watch?v=oNH99_wFhXg
Live from the Schomburg Center for Research in Black Culture Part 1: Ahhluuu's Selection,https://www.youtube.com/watch?v=hDsfhOxboZo
Titonton Duvante @ The Lot Radio 02 08 2020,https://www.youtube.com/watch?v=yf3zry6sSf4
Seth Troxler presents Eclectic Orbit Episode 2 @ The Lot Radio 02 11 2020,https://www.youtube.com/watch?v=y0E74vsQ5E8
Kindergarten with Cera Khin @ The Lot Radio 02 09 2020,https://www.youtube.com/watch?v=DskLuPzFUQE
Katoman live from Beatcafe in Tokyo 02 09 2020,https://www.youtube.com/watch?v=1tnBB2mW5mk
Dweller Takeover with St Mozelle @ The Lot Radio 02 06 2020,https://www.youtube.com/watch?v=3T2xiAIg1Dg
Dweller takeover with Juliana Huxtable @ The Lot Radio 02 06 2020,https://www.youtube.com/watch?v=AF3_Yf7AKi0
Seth Troxler Eclectic Orbit Episode 1 @ The Lot Radio 02-04-2020,https://www.youtube.com/watch?v=xygoEuObtXY
Ben UFO @ The Lot Radio 01-24-2020,https://www.youtube.com/watch?v=ECQwhbX4-H0
Moxie @ The Lot Radio 01-16-2020,https://www.youtube.com/watch?v=lUIyEX_hXDQ
Wackie's Special with Bullwackie & Unscented DJ @ The Lot Radio (January 12th 2020),https://www.youtube.com/watch?v=m7GDE7lp91A
DJ Spinna and Carlos Mena present Dialog @ The Lot Radio (December 17th 2019),https://www.youtube.com/watch?v=Sr7pxiwz1G8
Jubilee & Physical Therapy @ The Lot Radio (December 11th 2019),https://www.youtube.com/watch?v=PG_YK1KTPAc
Brodinski @ The Lot Radio (December 5th 2019),https://www.youtube.com/watch?v=ZHa1npLohYg
Francois K @ The Lot Radio (December 4th 2019),https://www.youtube.com/watch?v=s5HksEGJcfI
박혜진 park hye jin @ The Lot Radio (November 23 2019),https://www.youtube.com/watch?v=aA2the7G6Wg
Bufiman @ The Lot Radio (November 18th 2019),https://www.youtube.com/watch?v=B07rOwuF0sA
Kamaal Williams & WBEEZA @ The Lot Radio (November 22nd 2019),https://www.youtube.com/watch?v=LIRKuABGYG4
Myd @ The Lot Radio (November 12th 2019),https://www.youtube.com/watch?v=tHHeMbhfr6o
"DJ SWISHA, AceMo, Kush Jones & MoMa Ready B2B @ The Lot Radio (November 12th 2019)",https://www.youtube.com/watch?v=56a04cCLtSE
Channel Tres @ The Lot Radio (November 9th 2019),https://www.youtube.com/watch?v=bmJC2GxTFi0
Toro y Moi and Unscented DJ @ The Lot Radio (November 9th 2019),https://www.youtube.com/watch?v=Z9Cg8dKPXc4
Four Tet @ The Lot Radio (November 12th 2019),https://www.youtube.com/watch?v=6NOhvEd8b-Q
2MR Transmission with Hans Berg Live  @ The Lot Radio (November 2nd 2019),https://www.youtube.com/watch?v=eolEvLf0ABo
Fred P @ The Lot Radio (October 23rd 2019),https://www.youtube.com/watch?v=Oya9EgQUtr4
Jennifer Cardini & Kim Ann Foxman @ The Lot Radio (Oct 25th 2019),https://www.youtube.com/watch?v=-cAnqaUYPGY
Ellen Allien @ The Lot Radio (Sept 20th 2019),https://www.youtube.com/watch?v=zSImj4WjLOQ
Busy P @ The Lot Radio (October 17th 2019),https://www.youtube.com/watch?v=agU4bjblGGA
"Poison Fruit @ The Lot Radio x Lapa55 (October 10th, 2019)",https://www.youtube.com/watch?v=6GH0Dz52Bok
"Floating Points @ The Lot Radio (October 9th, 2019)",https://www.youtube.com/watch?v=t8vVKM43y2s
Dr Rubinstein b2b Mike Servito @ The Lot Radio (Sept 25th 2019),https://www.youtube.com/watch?v=cnm0L1NoVxY
FaltyDL & Madam X @ The Lot Radio (Sept 18th 2019),https://www.youtube.com/watch?v=B2AvwoXvPE0
Bradley Zero w/ Dj Python & Will DiMaggio @ The Lot Radio (Sept 18th 2019),https://www.youtube.com/watch?v=6HGGH9hPGco
"Vladimir Ivkovic @ The Lot Radio (September 12, 2019)",https://www.youtube.com/watch?v=6MMZaVFWZOE
Lenny Dee & Frankie Bones @ The Lot Radio (Sept 5th 2019),https://www.youtube.com/watch?v=GU4BLGqTvVQ
Hot Chip @ The Lot Radio (Sept 4th 2019),https://www.youtube.com/watch?v=LkQJbpRSUFM
Tayhana & Loka @ The Lot Radio 08 26 2019,https://www.youtube.com/watch?v=24CxG6sQRu0
Shigeto @ The Lot Radio 08 25 2019,https://www.youtube.com/watch?v=waVqE6nSayc
CCL & Flora FM @ The Lot Radio 08 24 2019,https://www.youtube.com/watch?v=YQMFQBmbl84
Bambii @ The Lot Radio 08 22 2019,https://www.youtube.com/watch?v=qMf-xxgDjQI
Lenny Dee All Vinyl Disco Set @ The Lot Radio (August 17th 2019),https://www.youtube.com/watch?v=L7ifZuapRcU
Nicola Cruz & Fidel Eljuri @ The Lot Radio (August 13th 2019),https://www.youtube.com/watch?v=uB2GBLNoMrA
Jazzboy @ The Lot Radio (August 12th 2019),https://www.youtube.com/watch?v=O2izIlbKp9w
Mister Saturday Night with guest Yale Evelev (Luaka Bop) @ The Lot Radio (August 9th 2019),https://www.youtube.com/watch?v=ElZ57z-yIfI
FIST & MCMLXXXV @ The Lot Radio (August 9th 2019),https://www.youtube.com/watch?v=5c-VYv5g-1Q
"Deep Creep, Dj Fart In The Club & Dj Voices @ The Lot Radio (August 9th 2019)",https://www.youtube.com/watch?v=9nE8koktJVc
Weird Science w/ cs1729 @ The Lot Radio (August 8th 2019),https://www.youtube.com/watch?v=cZQ9qRKf5Do
Mutek Takeover with Akufen @ The Lot Radio (July 18th 2019),https://www.youtube.com/watch?v=pdFI93WoCOk
Equiknoxx @ The Lot Radio (July 17th 2019),https://www.youtube.com/watch?v=Maqpy4_0Qpk
Dream On with Lloyd @ The Lot Radio (July 17th 2019),https://www.youtube.com/watch?v=cxOP8MlQfqw
Etapp Kyle @ The Lot Radio (June 22nd 2019),https://www.youtube.com/watch?v=UNKpKIUVeXo
Quantic @ The Lot Radio (June 21st 2019),https://www.youtube.com/watch?v=CItbti7zYlA
Louie Vega @ The Lot Radio (June 20th 2019),https://www.youtube.com/watch?v=vf6vG0bmwAU
Ldy Osc @ The Lot Radio (June 17th 2019),https://www.youtube.com/watch?v=LYBpWFV-dW0
Fiedel @ The Lot Radio (June 15th 2019),https://www.youtube.com/watch?v=u3g5S8HLb4E
Renata Do Valle & Augusto Olivani @ The Lot Radio (June 14th 2019),https://www.youtube.com/watch?v=Jp9F8XzLiWc
Radio Days with Eli Escobar & guest Nomi Ruiz @ The Lot Radio (June 6th 2019),https://www.youtube.com/watch?v=Ho3YFD8Au5w
CIEL b2b SHYBOI @ The Lot Radio (June 7th 2019),https://www.youtube.com/watch?v=889t_SWBAqM
Chez Damier @ The Lot Radio (June 2nd 2019),https://www.youtube.com/watch?v=5im_UnpLNM4
Jessy Lanza @ The Lot Radio (May 31st 2019),https://www.youtube.com/watch?v=rEZvrSE3D-4
The Voidz @ The Lot Radio (May 28 2019),https://www.youtube.com/watch?v=QN17oHEVg4k
DJ Katapila @ The Lot Radio Abidjan May 25th 2019 Video,https://www.youtube.com/watch?v=16b5pcshZEI
Awesome Tapes From Africa @ The Lot Radio Abidjan (May 24th 2019),https://www.youtube.com/watch?v=vgIzbhe9gfE
Bound with Katie Rex & AZF @ The Lot Radio (May 20th 2019),https://www.youtube.com/watch?v=3LZWk4CdDfk
Dr  Rubinstein @ The Lot Radio (May 19th 2019),https://www.youtube.com/watch?v=Z6akJdTSmG4
Optimo @ The Lot Radio (May 20th 2019),https://www.youtube.com/watch?v=9sv28VCgc9U
Christine Renee & DJ Fett Burger @ The Lot Radio 05 10 2019,https://www.youtube.com/watch?v=2lY5GmpnPsU
Perel & Kim Ann Foxman @ The Lot Radio 05 08 2019,https://www.youtube.com/watch?v=QP7LTSpVSKg
Tati Au Miel b2b DJ Calvin Klein @ The Lot Radio (April 17th 2019),https://www.youtube.com/watch?v=NuTUrHWK1Dg
SWEAT EQUITY with Olive T  and St  Mozelle @ The Lot Radio 04 10 2019,https://www.youtube.com/watch?v=d94miSN3h-k
Gay Garage & Nimmo @ The Lot Radio 04 11 2019,https://www.youtube.com/watch?v=mhne5c7ox6A
"Takaya Nagase, Douglas Sherman, Yuji Kawasaki @ The Lot Radio 4 12 2019",https://www.youtube.com/watch?v=aUsJI4xc6sI
Kindergarten with DJ Bus Replacement Service & Ma Sha,https://www.youtube.com/watch?v=UCYBWevlQ3s
"DJ Python, Sand & Bianca Lexis @ The Lot Radio (April 14th 2019)",https://www.youtube.com/watch?v=4MJ_3fUQ2cc
Cera Khin @ The Lot Radio (April 12th 2019),https://www.youtube.com/watch?v=SIXmi8_NYw0
Porkchop @ The Lot Radio (April 11th 2019),https://www.youtube.com/watch?v=QiLJQDPN-CI
Joakim @ The Lot Radio (April 10th 2019),https://www.youtube.com/watch?v=WjrbwyTXS-Q
Tropical Hangover with Danny McLewin and Justin Miller @ The Lot Radio 04 04 2019,https://www.youtube.com/watch?v=aZcC0XXlmbc
John Gomez @ The Lot Radio (April 4th 2019),https://www.youtube.com/watch?v=nmcaeNkdrLA
Clara 3000 & Vaal @ The Lot Radio (April 5th 2019),https://www.youtube.com/watch?v=R_QiZlql6EE
Auntie Flo @ The Lot Radio (Feb 20th 2019),https://www.youtube.com/watch?v=peVZ7FflwQo
Weird Science with guest Phuong Dan @ The Lot Radio (Feb 20th 2019),https://www.youtube.com/watch?v=9aigGOMRUXQ
Baltra & Dj Seinfeld @ The Lot Radio (Feb 19th 2019),https://www.youtube.com/watch?v=6wQD9X28PZs
DJ Marcelle/Another Nice Mess @ The Lot Radio 02 19 2019,https://www.youtube.com/watch?v=H0mA592xow4
Lena Willikens @ The Lot Radio 2 /16/ 2019,https://www.youtube.com/watch?v=Wgd3UiFn60A
Axel Boman @ The Lot Radio (Feb 2nd 2019),https://www.youtube.com/watch?v=4huz8yWawMI
DJ Python & Baba Stiltz @ The Lot Radio (Feb 1st 2019),https://www.youtube.com/watch?v=ffHxQztuw5o
Yazmin Lacey Live @ The Lot Radio (January 11th 2019),https://www.youtube.com/watch?v=cnxOXD1m4zo
Ezra Collective Live @ The Lot Radio (January 11th 2019),https://www.youtube.com/watch?v=dsXb_gIkWqE
"Project Pablo b2b Dj Python @Times Square Transmissions (Dec 7, 2018)",https://www.youtube.com/watch?v=pueZN-Fy6cM
"DJ Pierre @ Times Square Transmissions (Dec 20, 2018)",https://www.youtube.com/watch?v=AFM03jhnBoQ
"DJ QU @ Times Square Transmissions (Dec 7, 2018)",https://www.youtube.com/watch?v=sUb9fe51328
"Loefah @ Times Square Transmissions (Dec 7, 2018)",https://www.youtube.com/watch?v=gPdd7shuAB0
"Laraaji @ Times Square Transmissions (Dec 21, 2018)",https://www.youtube.com/watch?v=pTOJOwvf8X8
"Chances With Wolves @ Times Square Transmissions (Dec 29, 2018)",https://www.youtube.com/watch?v=YYz98KvTs1c
"Martyn and friends @ Times Square Transmissions (Dec 22, 2018)",https://www.youtube.com/watch?v=nmbKUbJuips
"Technofeminism w: Umfang & Bonaventure @ Times Square Transmissions (Dec 27, 2018)",https://www.youtube.com/watch?v=NRgA55i7NsY
"Four Tet @ Times Square Transmissions (Dec 28, 2018)",https://www.youtube.com/watch?v=hj9K68SulqI
"Analog Soul @ Times Square Transmissions (Dec 26, 2018)",https://www.youtube.com/watch?v=XAK1i_pecVk
"Bradley Zero with Dawit Eklund & Dreamcast @ Times Square Transmissions (Dec 26, 2018)",https://www.youtube.com/watch?v=QsjmGDMEiMs
Quantic @ Times Square Transmissions 12 12 2018,https://www.youtube.com/watch?v=s3JO1Vn6zh8
Louie Vega @ Times Square Transmissions 12 18 2018,https://www.youtube.com/watch?v=5EC4BynJ1MA
WTBS with guest Intergalactic Gary @ Times Square Transmissions 12 17 2018,https://www.youtube.com/watch?v=L6iQ8S1zdXI
Toro Y Moi @ Times Square Transmissions 12 11 2018,https://www.youtube.com/watch?v=mdiL5KWYgNI
Rebolledo @ Times Square Transmissions 12 08 2018,https://www.youtube.com/watch?v=3lRHXzrpTXs
Dj Skurge @ Times Square Transmissions 12 07 2018,https://www.youtube.com/watch?v=BkHBnSTvS1M
DJ Fett Burger @ Times Square Transmissions 12 06 2018,https://www.youtube.com/watch?v=ak40MMEUueo
Jessy Lanza @ Times Square Transmissions 12.02.2018,https://www.youtube.com/watch?v=exku4shNPe4
Moxie @ The Lot Radio 10 October 2018,https://www.youtube.com/watch?v=XDoPyLsq0dc
"Horse Meat Disco @ The Lot Radio (June 22, 2018)",https://www.youtube.com/watch?v=l4fftDJGXK4
"Nicola Cruz @ The Lot Radio (July 12, 2018)",https://www.youtube.com/watch?v=oxOCKTQSEHk
"Antal @ The Lot Radio (July 23, 2018)",https://www.youtube.com/watch?v=FdA0Ywx6_Yg
"Totally Enormous Extinct Dinosaurs @ The Lot Radio (August 3, 2018)",https://www.youtube.com/watch?v=GO5n-uzC2Tc
"Axel Boman @ The Lot Radio (August 16, 2018)",https://www.youtube.com/watch?v=I5nl5sQGrbs
"JMG Sessions with Jayda G & Natasha Diggs @ The Lot Radio (August 9, 2018)",https://www.youtube.com/watch?v=bPrBzreWZW0
"Bound Radio with Katie Rex & Rebekah @ The Lot Radio (August 26, 2018)",https://www.youtube.com/watch?v=VM-aF0-cOfg
"John Gomez @ The Lot Radio (September 3, 2018)",https://www.youtube.com/watch?v=Kl7VgqpSTxw
"D  Tiffany & Roza Terenzi @ The Lot Radio (August 30, 2018)",https://www.youtube.com/watch?v=EhH0FbX273Y
"Gilles Peterson with guests Maurice Bernstein & Corey King @ The Lot Radio (September 18, 2018)",https://www.youtube.com/watch?v=ewU0cEqChjY
"Leon Vynehall @ The Lot Radio (September 25, 2018)",https://www.youtube.com/watch?v=D5GnKz_Fjmk
"Sean Nicholas Savage @ The Lot Radio (September 29, 2018)",https://www.youtube.com/watch?v=JGa6a0RDSVY
"Steven Julien aka Funkineven @ The Lot Radio (June 28, 2018)",https://www.youtube.com/watch?v=m2J_hYZHnbg
"Lobster Theremin with Asquith & Route 8 @ The Lot Radio (Oct 14, 2018)",https://www.youtube.com/watch?v=GFTVxnnW-Xc
"Matias Aguayo & Justin Strauss @ The Lot Radio (October 10, 2018)",https://www.youtube.com/watch?v=U_yeLw3AP8g
Frendzone with Octo Octa & Eris Drew @ The Lot Radio 07/26/2018,https://www.youtube.com/watch?v=6-NCths4n7Q
"Trepanado Selvagem @ The Lot Radio (June 28, 2018)",https://www.youtube.com/watch?v=H5N39_Yv9wE
"Louie Vega @ The Lot Radio (June 15, 2018)",https://www.youtube.com/watch?v=umFpGiZ7d6I
"Suzanne Kraft & NM @ The Lot Radio (June 5, 2018)",https://www.youtube.com/watch?v=FsDYkdDvih4
"Joakim and Tyondai Braxton @ The Lot Radio x World Synth Day (May 23, 2018)",https://www.youtube.com/watch?v=XoLWE9LqYJo
"Joakim, Barbie Bertisch, Lisa Giggles & Luke Jenner @ The Lot Radio x World Synth Day 2018",https://www.youtube.com/watch?v=s9GTpAVZzKo
Lisa Giggles @ The Lot Radio x World Synth Day 2018,https://www.youtube.com/watch?v=CHTbFaqmC54
Joakim @ The Lot Radio x World Synth Day 2018,https://www.youtube.com/watch?v=zfFMTuimRpA
"Second Hand Records @ The Lot Radio x Record Store Day (April 21, 2018)",https://www.youtube.com/watch?v=MUMuVgMXg7U
"Hieroglyphic Being at Commend @ The Lot Radio x Record Store Day (April 21, 2018)",https://www.youtube.com/watch?v=7Q0LxXGaKhI
"The Mixtape Shop @ The Lot Radio x Record Store Day (April 21, 2018)",https://www.youtube.com/watch?v=z3LQrJ4aUic
"CO-OP 87 Records w/ Ben Steidel (April 21, 2018)",https://www.youtube.com/watch?v=MbR_HpwIpcg
Innov Gnawa Live @ The Lot Radio x Marfa Myths (April 2018,https://www.youtube.com/watch?v=pDkI4Mj1-Ig
"Visible Cloaks Dj Set @ The Lot Radio x Marfa Myths (April 14, 2018)",https://www.youtube.com/watch?v=YokBMsmlHwo
"Liam Byrne @ The Lot Radio x Moogfest (May 18, 2018)",https://www.youtube.com/watch?v=ISRSxC3LIew
"Madame Gandhi @ The Lot Radio x Moogfest (May 18, 2018)",https://www.youtube.com/watch?v=HNV7Q5fCQnY
"DJ Haram & Stud1nt @ The Lot Radio x Moogfest (May 18, 2018)",https://www.youtube.com/watch?v=FSN_bjJV1XE
"Laraaji Live @ The Lot Radio x Marfa Myths (April 13, 2018)",https://www.youtube.com/watch?v=NZKqDrVNrFc
"Tess Roby @ The Lot Radio x Moogfest (May 18, 2018)",https://www.youtube.com/watch?v=fH_8S6q3mZo
"Waajeed @ The Lot Radio x Moogfest (May 19, 2018)",https://www.youtube.com/watch?v=25a6LV5evls
"SassyBlack @ The Lot Radio x Moogfest (May 19, 2018)",https://www.youtube.com/watch?v=jnaa18SuDBU
"Layne @ The Lot Radio x Moogfest (May 19, 2018)",https://www.youtube.com/watch?v=TIuhRqfJODQ
"Spiritual Friendship (Nick Hook & Gareth Jones)  @ The Lot Radio x Moogfest (May 19, 2018)",https://www.youtube.com/watch?v=9oYMb41znJo
"Georgia @ The Lot Radio x Moogfest (May 19, 2018)",https://www.youtube.com/watch?v=D0x4fsuDOb0
"Budino @ The Lot Radio (Mar 29, 2018)",https://www.youtube.com/watch?v=VcwlKbMZCm0
"Daniel Avery @ The Lot Radio (Apr 9, 2018)",https://www.youtube.com/watch?v=072A67eNgqI
"Ellen Allien @ The Lot Radio (Mar 25, 2018)",https://www.youtube.com/watch?v=g_zHhAhfaJM
"Falty DL & Four Tet @ The Lot Radio (Mar 21, 2018)",https://www.youtube.com/watch?v=pD0cmDyBm24
Stella Donelly Live Session,https://www.youtube.com/watch?v=UTHa7LEhWPM
"Yuksek @ The Lot Radio (Mar 9, 2018)",https://www.youtube.com/watch?v=YPFkTuz9igo
"Waze & Odyssey Takeover w/ Kenny Dope & Eli Escobar @ The Lot Radio (Feb 15, 2018)",https://www.youtube.com/watch?v=48oVwwHg2qw
"Bradley Zero @ The Lot Radio (March 4, 2018)",https://www.youtube.com/watch?v=GQ_UgqK9bCM
"Toro Y Moi & Unscented DJ @ The Lot Radio (Jan 27, 2018)",https://www.youtube.com/watch?v=VHM0fmqwU7E
"Nicola Cruz @ The Lot Radio (Jan 26, 2018)",https://www.youtube.com/watch?v=hXRd5H5pSUg
Tom Rogerson Live Session,https://www.youtube.com/watch?v=HoqeRnCtZeU
"Reggie Watts @ The Lot Radio (Dec 30, 2017)",https://www.youtube.com/watch?v=7Tety9GUC2c
"Tom Of England @ The Lot Radio (Dec 20, 2017)",https://www.youtube.com/watch?v=Ip-3nbkhkrw
"Juliana Huxtable & DJ Dog Dick @ The Lot Radio (Dec 19, 2017)",https://www.youtube.com/watch?v=kfwshVImwRU
"Quantic @ The Lot Radio (Dec 15, 2017)",https://www.youtube.com/watch?v=WHrhX0dU3Fs
"After Dark with Jim Stanton (Horse Meat Disco) and Davoosh @ The Lot Radio (Dec 12, 2017)",https://www.youtube.com/watch?v=QvcUQlVEQoM
"Analog Soul @ The Lot Radio (Dec 9,  2017)",https://www.youtube.com/watch?v=hlmaynNX1A8
"Takaya Nagase @ The Lot Radio (Dec 8, 2017)",https://www.youtube.com/watch?v=3YsBabnBV8E
New Year's Concert at The Mission with ACME,https://www.youtube.com/watch?v=kf27OD3HW8U
"Ellen Allien & Volvox @ The Lot Radio (Dec 8, 2017)",https://www.youtube.com/watch?v=ctVAoPaSkDM
Oscar Jerome Live Session,https://www.youtube.com/watch?v=ITOFJBYi-5c
Joe Armon-Jones & Femi Koleoso Live Session,https://www.youtube.com/watch?v=cdMFPkvSlYc
"Disco Halal with Moscoman & Friends @ The Lot Radio (Dec 8, 2017)",https://www.youtube.com/watch?v=1aDJHB4frXI
"2MR Transmission with Mike Simonetti @ The Lot Radio (Dec 2, 2017)",https://www.youtube.com/watch?v=9s6BQPGSVfE
"Bjarki @ The Lot Radio (December 20, 2017)",https://www.youtube.com/watch?v=F9RUjRA-kjc
"Juan Maclean @ The Lot Radio (Nov 13, 2017)",https://www.youtube.com/watch?v=2L_40wa4e-U
"Jean-Michel Blais @ The Lot Radio (Nov 14, 2017)",https://www.youtube.com/watch?v=YcTCYBFn7Dg
"Adult.  @ The Lot Radio (Nov 1, 2017)",https://www.youtube.com/watch?v=dyq4A5VUWLY
"Mister Saturday Night Video @ The Lot Radio (Nov 10, 2017)",https://www.youtube.com/watch?v=Nzd3Mk851SI
"Baltra & DJ Seinfeld @ The Lot Radio (Nov 8, 2017)",https://www.youtube.com/watch?v=m35JhcXhbJE
"Soul Clap with special guest George Clinton @ The Lot Radio (Nov 1, 2017)",https://www.youtube.com/watch?v=KNjBrrbqucM
"2MR Transmission with Bottin @ The Lot Radio (Oct 6, 2017)",https://www.youtube.com/watch?v=yv0avQaBDr4
"A Guy Called Gerald @ The Lot Radio (Oct 4, 2017)",https://www.youtube.com/watch?v=nLTlhDIJ1PA
"Nick Murphy (FKA Chet Faker) @ The Lot Radio (Oct 4, 2017)",https://www.youtube.com/watch?v=XiWUezSIWHI
"Rush Hour Take Over Part 1  @ The Lot Radio (Sep 29, 2017)",https://www.youtube.com/watch?v=CG7RvsUf1Xo
"Brooklyn English with Charlotte & guest Malcolm Mooney (CAN) @ The Lot Radio (Sep 21, 2017)",https://www.youtube.com/watch?v=eVDzfA0BSQg
"FaltyDL & Josey Rebelle @ The Lot Radio (Sep 20, 2017)",https://www.youtube.com/watch?v=YsRoQfsMX1E
"Liars @ The Lot Radio (Sep 21, 2017)",https://www.youtube.com/watch?v=Vm4OtEMPMi0
"Kim Ann Foxman & L.Sangre @ The Lot Radio (August 19, 2017)",https://www.youtube.com/watch?v=Yv8h-d6XvDQ
"Nicola Cruz @ The Lot Radio (August 13, 2017)",https://www.youtube.com/watch?v=Y9tUlo3U_Ug
"Sadar Bahar @ The Lot Radio (July 7, 2017)",https://www.youtube.com/watch?v=qDO6hnBY2LI
"Ge-ology @ The Lot Radio (June 14, 2017)",https://www.youtube.com/watch?v=VciiFrJtdKc
"Selvagem @ The Lot Radio (July 6, 2017)",https://www.youtube.com/watch?v=lt5jtdzu95k
"Reggie Watts @ The Lot Radio (June 26, 2017)",https://www.youtube.com/watch?v=iEW7e9CZE9I
"Kim Ann Foxman @ The Lot Radio (March 13, 2017)",https://www.youtube.com/watch?v=RhDg7ivVr7A
"Shanti Celeste & Octo Octa @ The Lot Radio (May 25, 2017)",https://www.youtube.com/watch?v=hg977FCQJYA
"Michael Mayer @ The Lot Radio (May 27, 2017)",https://www.youtube.com/watch?v=WFQ5YnThsx8
"DJ Deep @ The Lot Radio (May 26, 2017)",https://www.youtube.com/watch?v=G_MLfb4r4vc
"Working Women @ The Lot Radio (May 8, 2017)",https://www.youtube.com/watch?v=0Qj9iVL6vgA
"The Whities Show with Tasker @ The Lot Radio (March 24, 2017)",https://www.youtube.com/watch?v=rWyefYyQ8Gg
"Superpoze @ The Lot Radio (May 1, 2017)",https://www.youtube.com/watch?v=icbQTDwkkM8
"Umfang @ The Lot Radio (November 30, 2016)",https://www.youtube.com/watch?v=kjjnh37aY48
"Intergalactic Gary @ The Lot Radio (Feburary 10, 2017)",https://www.youtube.com/watch?v=Kh1WwrJqn70
"DISCWOMAN feat  Bearcat, DJ Haram, SHYBOI, UMFANG & Volvox @ The Lot Radio (May 22, 2016)",https://www.youtube.com/watch?v=k2cY-CGuCpY
"Mister Saturday Night @ The Lot Radio (October 26, 2016)",https://www.youtube.com/watch?v=KwnuSngD1bI
"Kornel Kovacs @ The Lot Radio (November 14, 2016)",https://www.youtube.com/watch?v=uymEIqmycFQ
"Gilles Peterson @ The Lot Radio (November 5, 2016)",https://www.youtube.com/watch?v=gHKrOOkTbkc
"Boys Noize @ The Lot Radio (October 12, 2016)",https://www.youtube.com/watch?v=JAcS--myFMs
"Intergalactic Gary @ The Lot Radio (June 23, 2016)",https://www.youtube.com/watch?v=kRFHdft84Uw
"Dinner With Lloyd with Axel Boman @ The Lot Radio (May 23, 2016)",https://www.youtube.com/watch?v=pwFB-WVaSmY
"Bradley Zero & Neue Grafik @ The Lot Radio (July 27, 2017)",https://www.youtube.com/watch?v=uMp91HcmrNs
"Kedr Livanskiy @ The Lot Radio (July 6, 2016)",https://www.youtube.com/watch?v=9k6UL2wIOy8
"Sporting Life & Actress @ The Lot Radio (May 18, 2016)",https://www.youtube.com/watch?v=IhCHCta2Dps
"Waze & Odyssey @ The Lot Radio (June 22, 2016)",https://www.youtube.com/watch?v=jQ9g_Cjicms
"Maria Chavez @ The Lot Radio (July 17, 2016)",https://www.youtube.com/watch?v=0waNZQxr0Zc
"Analog Soul @ The Lot Radio (March 1, 2016)",https://www.youtube.com/watch?v=4MvpvQbrI6Y
"DJ Slow @ The Lot Radio (Feb 18, 2016)",https://www.youtube.com/watch?v=MlbFmniE--0
"Four Tet with special guest Tyondai Braxton @ The Lot Radio (June 10, 2017)",https://www.youtube.com/watch?v=VrIA7LY1wWc
"Gilles Peterson with guests Kendra Foster & Photay @ The Lot Radio (May 31, 2017)",https://www.youtube.com/watch?v=1GyreAE3Rbw
"Helado Negro Live @ The Lot Radio (April 30, 2017)",https://www.youtube.com/watch?v=ceTX4CpfQ2I
"Rebolledo @ The Lot Radio (March 14, 2017)",https://www.youtube.com/watch?v=yjxy56IYNvI
"Amourette @ Superior Elevation Records (March 24, 2017)",https://www.youtube.com/watch?v=sPp4MouJxaE
"Ellen Allien @ Superior Elevation Records (March 24, 2017)",https://www.youtube.com/watch?v=pzH8wa6vZ7I
"Nina Kraviz @ The Lot Radio (March 21, 2017)",https://www.youtube.com/watch?v=oC969p-rxfo
The Lot Radio New Years Day Concert,https://www.youtube.com/watch?v=SAHPYddgS3M